{
  "included_models": [
    "PIBERT",
    "FNO2d",
    "DeepONet2d",
    "PITT",
    "FourierFlow",
    "PINN"
  ],
  "baseline_models": [
    "FNO2d",
    "DeepONet2d",
    "PITT",
    "FourierFlow",
    "PINN"
  ],
  "models": {
    "DeepONet2d": {
      "inference_ms": NaN,
      "components": {
        "u": {
          "MSE": 0.03605470697562296,
          "LMAE": 0.12580610109252227,
          "NMSE": 0.05032548544833228,
          "LPCC": 0.9735188202544411,
          "R2": 0.9477386113005525
        },
        "v": {
          "MSE": 0.12452160575178277,
          "LMAE": 0.2184927323144699,
          "NMSE": 0.15367238888290355,
          "LPCC": 0.9199398860891603,
          "R2": 0.8462693640773775
        },
        "overall": {
          "MSE": 0.08473578310144943,
          "LMAE": 0.17459443565265384,
          "NMSE": 0.055501265975227095,
          "LPCC": 0.935223634125401,
          "R2": 0.8722193444024444
        },
        "All": {
          "MSE": 0.08028815636370272,
          "LMAE": 0.17214941670349557,
          "NMSE": 0.10517621145916119,
          "LPCC": 0.9455665046333952,
          "R2": 0.8940906653318814
        }
      }
    },
    "FNO2d": {
      "inference_ms": NaN,
      "components": {
        "u": {
          "MSE": 0.001486028967374717,
          "LMAE": 0.02674139362685464,
          "NMSE": 0.0020742126464647105,
          "LPCC": 0.9989379281108806,
          "R2": 0.9978459972636827
        },
        "v": {
          "MSE": 0.0019465014431846762,
          "LMAE": 0.028075974588278537,
          "NMSE": 0.002402181733300737,
          "LPCC": 0.9987995297692461,
          "R2": 0.9975969077584691
        },
        "overall": {
          "MSE": 0.0017811152240740358,
          "LMAE": 0.02799249389358928,
          "NMSE": 0.0011666163474940297,
          "LPCC": 0.9986574957826736,
          "R2": 0.9973140972715803
        },
        "All": {
          "MSE": 0.0017162652052796954,
          "LMAE": 0.027408684107566514,
          "NMSE": 0.002248280198797844,
          "LPCC": 0.9988725412320558,
          "R2": 0.9977360483259597
        }
      }
    },
    "FourierFlow": {
      "inference_ms": NaN,
      "components": {
        "u": {
          "MSE": 0.0001409907550111186,
          "LMAE": 0.008010354289211166,
          "NMSE": 0.00019679616851299715,
          "LPCC": 0.9998978611632388,
          "R2": 0.9997956335450002
        },
        "v": {
          "MSE": 0.00047322996442742847,
          "LMAE": 0.01324186317885284,
          "NMSE": 0.000584014145059266,
          "LPCC": 0.9997078905004821,
          "R2": 0.9994157644938013
        },
        "overall": {
          "MSE": 0.0003457078903843618,
          "LMAE": 0.011178547309730018,
          "NMSE": 0.00022643592673222032,
          "LPCC": 0.9997393454234504,
          "R2": 0.999478676194853
        },
        "All": {
          "MSE": 0.0003071103597192737,
          "LMAE": 0.01062610873403198,
          "NMSE": 0.00040230970043467256,
          "LPCC": 0.9997974267275481,
          "R2": 0.999594886028766
        }
      }
    },
    "PIBERT": {
      "inference_ms": NaN,
      "components": {
        "u": {
          "MSE": 0.00010268102986240286,
          "LMAE": 0.006759042238074829,
          "NMSE": 0.00014332310834349368,
          "LPCC": 0.9999255849374479,
          "R2": 0.9998511635882292
        },
        "v": {
          "MSE": 0.00030883496357690237,
          "LMAE": 0.010521150939579556,
          "NMSE": 0.0003811339111545919,
          "LPCC": 0.9998093659495977,
          "R2": 0.9996187216261855
        },
        "overall": {
          "MSE": 0.00022741166462486847,
          "LMAE": 0.009135254358831205,
          "NMSE": 0.0001489528369508639,
          "LPCC": 0.9998285306640189,
          "R2": 0.9996570656394181
        },
        "All": {
          "MSE": 0.0002057579967196524,
          "LMAE": 0.008640096588827193,
          "NMSE": 0.00026953971236264577,
          "LPCC": 0.999864291878888,
          "R2": 0.99972858148048
        }
      }
    },
    "PINN": {
      "inference_ms": NaN,
      "components": {
        "u": {
          "MSE": 0.0001561888541837156,
          "LMAE": 0.008106323170628796,
          "NMSE": 0.00021800981252541324,
          "LPCC": 0.9998869225492426,
          "R2": 0.9997736038619164
        },
        "v": {
          "MSE": 0.0007287802319624224,
          "LMAE": 0.01515088024851183,
          "NMSE": 0.0008993892950557187,
          "LPCC": 0.9995505539832793,
          "R2": 0.9991002698059424
        },
        "overall": {
          "MSE": 0.0005206947220138768,
          "LMAE": 0.012517566136636089,
          "NMSE": 0.00034105091380095805,
          "LPCC": 0.9996076535173394,
          "R2": 0.9992147979223197
        },
        "All": {
          "MSE": 0.00044248454307306643,
          "LMAE": 0.011628601709570302,
          "NMSE": 0.0005796477335815721,
          "LPCC": 0.9997082305256548,
          "R2": 0.999416311873628
        }
      }
    },
    "PITT": {
      "inference_ms": NaN,
      "components": {
        "u": {
          "MSE": 0.017610429110395884,
          "LMAE": 0.07715707857512186,
          "NMSE": 0.02458079591475593,
          "LPCC": 0.9871546163248421,
          "R2": 0.9744736385869195
        },
        "v": {
          "MSE": 0.05399461124236675,
          "LMAE": 0.12551594949068093,
          "NMSE": 0.06663486907611924,
          "LPCC": 0.9660952907456855,
          "R2": 0.9333398740518171
        },
        "overall": {
          "MSE": 0.03870087317728691,
          "LMAE": 0.10710734078228178,
          "NMSE": 0.02534876503253077,
          "LPCC": 0.9705749235600934,
          "R2": 0.9416394967298416
        },
        "All": {
          "MSE": 0.035802520176381324,
          "LMAE": 0.10133651403290128,
          "NMSE": 0.046900733599910344,
          "LPCC": 0.9761007386378159,
          "R2": 0.9527723482135321
        }
      }
    }
  },
  "best_by_metric": {
    "LMAE": {
      "model": "PIBERT",
      "value": 0.008640096588827193,
      "direction": "min"
    },
    "NMSE": {
      "model": "PIBERT",
      "value": 0.00026953971236264577,
      "direction": "min"
    },
    "LPCC": {
      "model": "PIBERT",
      "value": 0.999864291878888,
      "direction": "max"
    },
    "R2": {
      "model": "PIBERT",
      "value": 0.99972858148048,
      "direction": "max"
    }
  },
  "sample_selection": {
    "sample_idx": 2570,
    "strategy": "pibert_best_quality_win",
    "requested_idx": -1,
    "pibert_nmse": 7.927174010546878e-05,
    "best_baseline_nmse": 0.00013438465248327702,
    "median_baseline_nmse": 0.0005057109519839287,
    "margin_vs_median_baseline": 0.0004264392191544175,
    "component": "All"
  },
  "component_sample_selection": {
    "u": {
      "sample_idx": 596,
      "strategy": "pibert_best_quality_win",
      "requested_idx": -1,
      "pibert_nmse": 2.4743912945268676e-05,
      "best_baseline_nmse": 3.913562250090763e-05,
      "median_baseline_nmse": 0.00017339462647214532,
      "margin_vs_median_baseline": 0.00014865070988889784,
      "component": "u"
    },
    "v": {
      "sample_idx": 2104,
      "strategy": "pibert_best_quality_win",
      "requested_idx": -1,
      "pibert_nmse": 0.00012842859723605216,
      "best_baseline_nmse": 0.0002211686660302803,
      "median_baseline_nmse": 0.00039708008989691734,
      "margin_vs_median_baseline": 0.0002686514926608652,
      "component": "v"
    },
    "uv": {
      "sample_idx": 2325,
      "strategy": "pibert_best_quality_win",
      "requested_idx": -1,
      "pibert_nmse": 3.368210673215799e-05,