{
  "anchor_runs_dir": "D:\\PIBERT_JCP_final\\pibert-cfdb-re300-600\\runs_rpb_fsi_real_bundle_v2",
  "support_runs": [
    "D:\\PIBERT_JCP_final\\pibert-cfdb-re300-600\\runs_rpb_fast",
    "D:\\PIBERT_JCP_final\\pibert-cfdb-re300-600\\runs"
  ],
  "included_models": [
    "PIBERT",
    "FourierFlow",
    "PINN",
    "FNO2d",
    "PITT",
    "DeepONet2d"
  ],
  "excluded_incomplete_dirs": [],
  "component": "u",
  "component_label": "$|\\mathbf{u}|$",
  "sample_idx": 1878,
  "sample_strategy": "worst_midband",
  "sample_selection": {
    "score": 1.1416970959153652,
    "valid": true,
    "selection_mode": "slice_and_wake_preferred",
    "median_baseline": {
      "low": 0.13259753859047602,
      "mid": 0.11602821963897571,
      "high": 0.11930965882080181
    },
    "pibert_errors": {
      "low": 0.00867442226741335,
      "mid": 0.015677018251316035,
      "high": 0.013593377540095038
    },
    "margins": {
      "low": 0.12392311632306266,
      "mid": 0.10035120138765967,
      "high": 0.10571628128070677
    }
  },
  "top_samples": [
    {
      "sample_idx": 349,
      "score": 1.175990790697966,
      "valid": true,
      "mid_margin": 0.1142088013938828
    },
    {
      "sample_idx": 1878,
      "score": 1.1416970959153652,
      "valid": true,
      "mid_margin": 0.10035120138765967
    },
    {
      "sample_idx": 1657,
      "score": 1.033680630530782,
      "valid": true,
      "mid_margin": 0.0803498467887631
    }
  ],
  "main_figure": {
    "field_label": "$|\\mathbf{u}|$",
    "slice_columns": [
      11,
      32,
      52
    ],
    "slice_names": [
      "Large-scale / near-body",
      "Intermediate / wake-core",
      "Fine-scale / far-wake"
    ],
    "slice_metrics": {
      "PIBERT": {
        "Large-scale / near-body": {
          "mae": 0.01636265218257904,
          "rel_l2": 0.010411938339497637
        },
        "Intermediate / wake-core": {
          "mae": 0.02440265193581581,
          "rel_l2": 0.016713625188755066
        },
        "Fine-scale / far-wake": {
          "mae": 0.02906567044556141,
          "rel_l2": 0.010556803302403512
        }
      },
      "FourierFlow": {
        "Large-scale / near-body": {
          "mae": 0.022575711831450462,
          "rel_l2": 0.013371115016756616
        },
        "Intermediate / wake-core": {
          "mae": 0.03601030260324478,
          "rel_l2": 0.02548765674775285
        },
        "Fine-scale / far-wake": {
          "mae": 0.04849309101700783,
          "rel_l2": 0.018795227206939744
        }
      },
      "PINN": {
        "Large-scale / near-body": {
          "mae": 0.03272600471973419,
          "rel_l2": 0.02119876275467199
        },
        "Intermediate / wake-core": {
          "mae": 0.026588063687086105,
          "rel_l2": 0.019745628347920294
        },
        "Fine-scale / far-wake": {
          "mae": 0.04927941411733627,
          "rel_l2": 0.02119842631379975
        }
      },
      "FNO2d": {
        "Large-scale / near-body": {
          "mae": 0.15625929832458496,
          "rel_l2": 0.07111429671394684
        },
        "Intermediate / wake-core": {
          "mae": 0.17424120008945465,
          "rel_l2": 0.10728410446021049
        },
        "Fine-scale / far-wake": {
          "mae": 0.3098968267440796,
          "rel_l2": 0.09783899503626561
        }
      },
      "PITT": {
        "Large-scale / near-body": {
          "mae": 0.22826780378818512,
          "rel_l2": 0.16650531938075486
        },
        "Intermediate / wake-core": {
          "mae": 0.22798898816108704,
          "rel_l2": 0.18608071214377356
        },
        "Fine-scale / far-wake": {
          "mae": 0.3405168950557709,
          "rel_l2": 0.13072005545755802
        }
      },
      "DeepONet2d": {
        "Large-scale / near-body": {
          "mae": 0.2945515513420105,
          "rel_l2": 0.16903528766227252
        },
        "Intermediate / wake-core": {
          "mae": 0.3139760196208954,
          "rel_l2": 0.24275292184794262
        },
        "Fine-scale / far-wake": {
          "mae": 0.545830488204956,
          "rel_l2": 0.21323325989593978
        }
      }
    },
    "shown_profile_models": [
      "PIBERT",
      "FourierFlow"
    ],
    "best_baseline_name": "FourierFlow",
    "pibert_slice_ranks": {
      "Large-scale / near-body": 1,
      "Intermediate / wake-core": 1,
      "Fine-scale / far-wake": 1
    },
    "pibert_slice_wins": 3,
    "top_panel_variants": [
      "heatmap",
      "contour"
    ],
    "wake_line_statistics": {
      "line_row": 39,
      "line_columns": [
        11,
        32,
        52
      ],
      "velocity_metrics": {
        "PIBERT": {
          "mae": 0.0019280325923677136,
          "rel_l2": 0.014918656068153254
        },
        "FourierFlow": {
          "mae": 0.0025529633777993666,
          "rel_l2": 0.021880263182373225
        },
        "PINN": {
          "mae": 0.003236344954860637,
          "rel_l2": 0.026719965872706614
        },
        "FNO2d": {
          "mae": 0.009357566311886722,
          "rel_l2": 0.06747331261694671
        },
        "PITT": {
          "mae": 0.03697442103225773,
          "rel_l2": 0.32644244106495623
        },
        "DeepONet2d": {
          "mae": 0.03994654146909972,
          "rel_l2": 0.2916446760003235
        }
      },
      "vorticity_metrics": {
        "PIBERT": {
          "mae": 0.0022952175615712075,
          "rel_l2": 0.03497715196685119
        },
        "FourierFlow": {
          "mae": 0.0030591584102150097,
          "rel_l2": 0.047468643744393975
        },
        "PINN": {
          "mae": 0.0034679923089600767,
          "rel_l2": 0.056068369435546994
        },
        "FNO2d": {
          "mae": 0.00403840884612773,
          "rel_l2": 0.06360155653157738
        },
        "PITT": {
          "mae": 0.035749017509710115,
          "rel_l2": 0.5510470616348155
        },
        "DeepONet2d": {
          "mae": 0.0423304755025187,
          "rel_l2": 0.6843350459234482
        }
      }
    }
  },
  "supplementary_figure": {
    "selected_sample_band_errors": {
      "PIBERT": {
        "low": 0.00867442226741335,
        "mid": 0.015677018251316035,
        "high": 0.013593377540095038
      },
      "FourierFlow": {
        "low": 0.020004331992602088,
        "mid": 0.013938433837794776,
        "high": 0.014391258594812358
      },
      "PINN": {
        "low": 0.009679306717225344,
        "mid": 0.017881778547379244,
        "high": 0.010447484125167729
      },
      "FNO2d": {
        "low": 0.24216344108165894,
        "mid": 0.11602821963897571,
        "high": 0.11930965882080181
      },
      "PITT": {
        "low": 0.13259753859047602,
        "mid": 0.2779622814500025,
        "high": 0.6876291065912581
      },
      "DeepONet2d": {
        "low": 0.2275654859380054,
        "mid": 0.3827146261972418,
        "high": 0.7960114844783608
      }
    },
    "wavelet_group_nmse": {
      "PIBERT": {
        "Coarse": 0.0004047914197826685,
        "Intermediate": 0.002303279237821698,
        "Fine": 0.010503128132161995
      },
      "FourierFlow": {
        "Coarse": 0.000666933356797017,
        "Intermediate": 0.0035345120898758373,
        "Fine": 0.012561047954174379
      },
      "PINN": {
        "Coarse": 0.0009946908101028384,
        "Intermediate": 0.003946376935346052,
        "Fine": 0.01271790114697069
      },
      "FNO2d": {
        "Coarse": 0.0026122961498913355,
        "Intermediate": 0.005966499020966391,
        "Fine": 0.015379494444156686
      },
      "PITT": {
        "Coarse": 0.0027313018472341355,
        "Intermediate": 0.5314598232507706,
        "Fine": 0.6883425762255987
      },