{
  "anchor_runs_dir": "D:\\PIBERT_JCP_final\\pibert-cfdb-re300-600\\runs_rpb_fsi_real_bundle_v2",
  "support_runs": [
    "D:\\PIBERT_JCP_final\\pibert-cfdb-re300-600\\runs_rpb_fast",
    "D:\\PIBERT_JCP_final\\pibert-cfdb-re300-600\\runs"
  ],
  "included_models": [
    "PIBERT",
    "FourierFlow",
    "PINN",
    "FNO2d",
    "PITT",
    "DeepONet2d"
  ],
  "excluded_incomplete_dirs": [],
  "component": "ux",
  "component_label": "$u_x$",
  "sample_idx": 1336,
  "sample_strategy": "worst_midband",
  "sample_selection": {
    "score": 0.974330811102122,
    "valid": true,
    "selection_mode": "slice_and_wake_preferred",
    "median_baseline": {
      "low": 0.0072745518861488815,
      "mid": 0.12241050263307561,
      "high": 0.09105004868789038
    },
    "pibert_errors": {
      "low": 0.0025854878580803043,
      "mid": 0.006453838748167963,
      "high": 0.02638413109976512
    },
    "margins": {
      "low": 0.004689064028068577,
      "mid": 0.11595666388490765,
      "high": 0.06466591758812526
    }
  },
  "top_samples": [
    {
      "sample_idx": 1336,
      "score": 0.974330811102122,
      "valid": true,
      "mid_margin": 0.11595666388490765
    },
    {
      "sample_idx": 1587,
      "score": 0.9726665014574849,
      "valid": true,
      "mid_margin": 0.10885959971894837
    },
    {
      "sample_idx": 428,
      "score": 0.914392378702049,
      "valid": true,
      "mid_margin": 0.11036782473568414
    }
  ],
  "main_figure": {
    "field_label": "$u_x$",
    "slice_columns": [
      11,
      32,
      52
    ],
    "slice_names": [
      "Large-scale / near-body",
      "Intermediate / wake-core",
      "Fine-scale / far-wake"
    ],
    "slice_metrics": {
      "PIBERT": {
        "Large-scale / near-body": {
          "mae": 0.006945548579096794,
          "rel_l2": 0.012799459222606599
        },
        "Intermediate / wake-core": {
          "mae": 0.0064378948882222176,
          "rel_l2": 0.011660510297642084
        },
        "Fine-scale / far-wake": {
          "mae": 0.00820796750485897,
          "rel_l2": 0.022987287837285795
        }
      },
      "FourierFlow": {
        "Large-scale / near-body": {
          "mae": 0.007815438322722912,
          "rel_l2": 0.01361274417233273
        },
        "Intermediate / wake-core": {
          "mae": 0.008469108492136002,
          "rel_l2": 0.015027065891195542
        },
        "Fine-scale / far-wake": {
          "mae": 0.01008421741425991,
          "rel_l2": 0.02717021684542315
        }
      },
      "PINN": {
        "Large-scale / near-body": {
          "mae": 0.007447935175150633,
          "rel_l2": 0.013620866436719368
        },
        "Intermediate / wake-core": {
          "mae": 0.008203988894820213,
          "rel_l2": 0.015135855098788927
        },
        "Fine-scale / far-wake": {
          "mae": 0.010878356173634529,
          "rel_l2": 0.029886506488101865
        }
      },
      "FNO2d": {
        "Large-scale / near-body": {
          "mae": 0.03634549304842949,
          "rel_l2": 0.06004537990768324
        },
        "Intermediate / wake-core": {
          "mae": 0.04811947047710419,
          "rel_l2": 0.0716067578308469
        },
        "Fine-scale / far-wake": {
          "mae": 0.041647814214229584,
          "rel_l2": 0.09512990532945549
        }
      },
      "PITT": {
        "Large-scale / near-body": {
          "mae": 0.0800127387046814,
          "rel_l2": 0.19596892478709765
        },
        "Intermediate / wake-core": {
          "mae": 0.13591191172599792,
          "rel_l2": 0.2763372558166402
        },
        "Fine-scale / far-wake": {
          "mae": 0.07719138264656067,
          "rel_l2": 0.20484267124193964
        }
      },
      "DeepONet2d": {
        "Large-scale / near-body": {
          "mae": 0.11059780418872833,
          "rel_l2": 0.21461616058841368
        },
        "Intermediate / wake-core": {
          "mae": 0.19808578491210938,
          "rel_l2": 0.40495501670205897
        },
        "Fine-scale / far-wake": {
          "mae": 0.2045753449201584,
          "rel_l2": 0.5260836140891945
        }
      }
    },
    "shown_profile_models": [
      "PIBERT",
      "FourierFlow"
    ],
    "best_baseline_name": "FourierFlow",
    "pibert_slice_ranks": {
      "Large-scale / near-body": 1,
      "Intermediate / wake-core": 1,
      "Fine-scale / far-wake": 1
    },
    "pibert_slice_wins": 3,
    "top_panel_variants": [
      "heatmap",
      "contour"
    ],
    "wake_line_statistics": {
      "line_row": 39,
      "line_columns": [
        11,
        32,
        52
      ],
      "velocity_metrics": {
        "PIBERT": {
          "mae": 0.0012971109338805326,
          "rel_l2": 0.014240796697792853
        },
        "FourierFlow": {
          "mae": 0.0015396524365409517,
          "rel_l2": 0.016210499594221415
        },
        "PINN": {
          "mae": 0.0013296151533228953,
          "rel_l2": 0.014752022492406789
        },
        "FNO2d": {
          "mae": 0.006861144685416563,
          "rel_l2": 0.06447723322917866
        },
        "PITT": {
          "mae": 0.02670307377773134,
          "rel_l2": 0.27808655591238096
        },
        "DeepONet2d": {
          "mae": 0.0365758567927187,
          "rel_l2": 0.34936948117676075
        }
      },
      "vorticity_metrics": {
        "PIBERT": {
          "mae": 0.0016888744989998203,
          "rel_l2": 0.041533690031135335
        },
        "FourierFlow": {
          "mae": 0.0022939204704291193,
          "rel_l2": 0.05123130623393979
        },
        "PINN": {
          "mae": 0.0023081893817578233,
          "rel_l2": 0.05346116338444723
        },
        "FNO2d": {
          "mae": 0.0033236730341152246,
          "rel_l2": 0.06920949315281029
        },
        "PITT": {
          "mae": 0.030626884333434336,
          "rel_l2": 0.6382231017651345
        },
        "DeepONet2d": {
          "mae": 0.03248285844851043,
          "rel_l2": 0.7150925298996966
        }
      }
    }
  },
  "supplementary_figure": {
    "selected_sample_band_errors": {
      "PIBERT": {
        "low": 0.0025854878580803043,
        "mid": 0.006453838748167963,
        "high": 0.02638413109976512
      },
      "FourierFlow": {
        "low": 0.0072745518861488815,
        "mid": 0.01475255477963753,
        "high": 0.02612013479211016
      },
      "PINN": {
        "low": 0.0016364208676420916,
        "mid": 0.00918553372900365,
        "high": 0.02046233013844487
      },
      "FNO2d": {
        "low": 0.023379622172024658,
        "mid": 0.12241050263307561,
        "high": 0.09105004868789038
      },
      "PITT": {
        "low": 0.004811698279758424,
        "mid": 0.478559703150159,
        "high": 0.7793968361835378
      },
      "DeepONet2d": {
        "low": 0.05954076498531753,
        "mid": 0.758659806838856,
        "high": 0.834085842369503
      }
    },
    "wavelet_group_nmse": {
      "PIBERT": {
        "Coarse": 0.0004503570069118723,
        "Intermediate": 0.002754397709698727,
        "Fine": 0.013577061627681056
      },
      "FourierFlow": {
        "Coarse": 0.0007507466102651961,
        "Intermediate": 0.004054999677464366,
        "Fine": 0.015638810039187472
      },
      "PINN": {
        "Coarse": 0.0009361736806567933,
        "Intermediate": 0.0042589178192429245,
        "Fine": 0.015584954293444753
      },
      "FNO2d": {
        "Coarse": 0.0034167390840593725,
        "Intermediate": 0.007771810128663977,
        "Fine": 0.020027964375913143
      },
      "PITT": {
        "Coarse": 0.0031517234492639545,
        "Intermediate": 0.5305779178937277,
        "Fine": 0.6889028449853262
      },