{"current_model": "PIBERT", "stage": "finetune", "epoch": 20, "total_epochs": 120, "loss": 0.0002563809748340538, "best_val_nmse": 0.00027348267030902207, "epoch_time": 45.745962899999995, "lr": 3.7500000000000003e-05, "params": 8714248, "no_improve": 35, "dataset": "RealPDEBench/fsi/real", "cpu_percent": 17.9, "ram_percent": 95.4, "gpu_util": 47, "gpu_mem_used": 1839, "gpu_mem_total": 12288, "gpu_temp": 54, "train_loss": 0.0002563809748340538, "train_recon": 0.00025346356330962464, "train_div": 0.050444958858904154, "train_lap": 0.18345362355603892, "train_bnd": 0.0017433850776048048, "val_nmse": 0.0002747028775047511}