{
  "included_models": [
    "PIBERT",
    "FNO2d",
    "DeepONet2d",
    "PITT",
    "FourierFlow",
    "PINN"
  ],
  "baseline_models": [
    "FNO2d",
    "DeepONet2d",
    "PITT",
    "FourierFlow",
    "PINN"
  ],
  "models": {
    "DeepONet2d": {
      "inference_ms": NaN,
      "components": {
        "u": {
          "MSE": 0.10205263737900926,
          "LMAE": 0.20020502412737587,
          "NMSE": 0.09197962551811012,
          "LPCC": 0.9566483174123891,
          "R2": 0.9078691535593721
        },
        "v": {
          "MSE": 0.32226303451761523,
          "LMAE": 0.3235901766429549,
          "NMSE": 0.3133357818225805,
          "LPCC": 0.8290024688160837,
          "R2": 0.6866636014093783
        },
        "overall": {
          "MSE": 0.22920222082858172,
          "LMAE": 0.26678524806294124,
          "NMSE": 0.1072038054606061,
          "LPCC": 0.7781247822600337,
          "R2": 0.5925335291994192
        },
        "All": {
          "MSE": 0.21215783594831208,
          "LMAE": 0.26189760038516563,
          "NMSE": 0.19846341182821006,
          "LPCC": 0.8965828933606678,
          "R2": 0.8014575748700407
        }
      }
    },
    "FNO2d": {
      "inference_ms": NaN,
      "components": {
        "u": {
          "MSE": 0.034394730683276725,
          "LMAE": 0.11200679206801728,
          "NMSE": 0.03099983037473909,
          "LPCC": 0.9849414567308039,
          "R2": 0.9689492037410148
        },
        "v": {
          "MSE": 0.09394107905885779,
          "LMAE": 0.15231081537470043,
          "NMSE": 0.09133874599121947,
          "LPCC": 0.9532957441471646,
          "R2": 0.9086610742182085
        },
        "overall": {
          "MSE": 0.0680353384035763,
          "LMAE": 0.1413549341463285,
          "NMSE": 0.03182188704933339,
          "LPCC": 0.9388570202424501,
          "R2": 0.8790495173702458
        },
        "All": {
          "MSE": 0.06416790487106717,
          "LMAE": 0.13215880372135885,
          "NMSE": 0.060025976762331935,
          "LPCC": 0.9695859465297068,
          "R2": 0.9399501253787579
        }
      }
    },
    "FourierFlow": {
      "inference_ms": NaN,
      "components": {
        "u": {
          "MSE": 0.03022977794307622,
          "LMAE": 0.0860407444410643,
          "NMSE": 0.027245975470220327,
          "LPCC": 0.986264308075503,
          "R2": 0.9727092302449335
        },
        "v": {
          "MSE": 0.09658440129511527,
          "LMAE": 0.14989433786291803,
          "NMSE": 0.09390884355374793,
          "LPCC": 0.9519622414657871,
          "R2": 0.9060909715967174
        },
        "overall": {
          "MSE": 0.06654522023759923,
          "LMAE": 0.11988951902046674,
          "NMSE": 0.031124920251187953,
          "LPCC": 0.9398445532763291,
          "R2": 0.8816985893904536
        },
        "All": {
          "MSE": 0.06340708961909572,
          "LMAE": 0.11796754115199132,
          "NMSE": 0.059314270828858984,
          "LPCC": 0.9698869138605811,
          "R2": 0.9406621146603561
        }
      }
    },
    "PIBERT": {
      "inference_ms": NaN,
      "components": {
        "u": {
          "MSE": 0.033208943956249355,
          "LMAE": 0.08430253707201117,
          "NMSE": 0.029931085637733827,
          "LPCC": 0.984904183847415,
          "R2": 0.9700197055689427
        },
        "v": {
          "MSE": 0.09239744967749264,
          "LMAE": 0.1446477210513675,
          "NMSE": 0.08983787785789989,
          "LPCC": 0.9540710164596218,
          "R2": 0.9101619453058268
        },
        "overall": {
          "MSE": 0.06522512285014785,
          "LMAE": 0.11464967247555995,
          "NMSE": 0.03050747656760675,
          "LPCC": 0.9408467667011993,
          "R2": 0.8840454053228358
        },
        "All": {
          "MSE": 0.06280319681687095,
          "LMAE": 0.11447512906168945,
          "NMSE": 0.05874935827037482,
          "LPCC": 0.9701912770876666,
          "R2": 0.9412272521248117
        }
      }
    },
    "PINN": {
      "inference_ms": NaN,
      "components": {
        "u": {
          "MSE": 0.09934162803567004,
          "LMAE": 0.16337145498117092,
          "NMSE": 0.08953620386257408,
          "LPCC": 0.9541310206860285,
          "R2": 0.9103165923706072
        },
        "v": {
          "MSE": 0.754543040400923,
          "LMAE": 0.4224733691793479,
          "NMSE": 0.7336408714598847,
          "LPCC": 0.5164175064356886,
          "R2": 0.2663576844463684
        },
        "overall": {
          "MSE": 0.3856161035264266,
          "LMAE": 0.2915396109651551,
          "NMSE": 0.18036262299500766,
          "LPCC": 0.6315440948256209,
          "R2": 0.3144672323864727
        },
        "All": {
          "MSE": 0.4269423342182966,
          "LMAE": 0.29292241208025904,
          "NMSE": 0.39938393943415984,
          "LPCC": 0.7749211056196941,
          "R2": 0.6004570557224305
        }
      }
    },
    "PITT": {
      "inference_ms": NaN,
      "components": {
        "u": {
          "MSE": 0.06294794941845512,
          "LMAE": 0.1518121800121353,
          "NMSE": 0.05673472987414772,
          "LPCC": 0.9732152597354748,
          "R2": 0.943171994271096
        },
        "v": {
          "MSE": 0.18781399139536514,
          "LMAE": 0.23008964464486306,
          "NMSE": 0.18261121359815596,
          "LPCC": 0.9054365521732893,
          "R2": 0.817388426951162
        },
        "overall": {
          "MSE": 0.13262846297619954,
          "LMAE": 0.19638744436040173,
          "NMSE": 0.06203376168014277,
          "LPCC": 0.8770856310500893,
          "R2": 0.7642184637598481
        },
        "All": {
          "MSE": 0.1253809704069102,
          "LMAE": 0.19095091232849956,
          "NMSE": 0.11728784399624817,
          "LPCC": 0.9411825665638723,
          "R2": 0.8826654607478162
        }
      }
    }
  },
  "best_by_metric": {
    "LMAE": {
      "model": "PIBERT",
      "value": 0.11447512906168945,
      "direction": "min"
    },
    "NMSE": {
      "model": "PIBERT",
      "value": 0.05874935827037482,
      "direction": "min"
    },
    "LPCC": {
      "model": "PIBERT",
      "value": 0.9701912770876666,
      "direction": "max"
    },
    "R2": {
      "model": "PIBERT",
      "value": 0.9412272521248117,
      "direction": "max"
    }
  },
  "sample_selection": {
    "sample_idx": 998,
    "strategy": "pibert_best_quality_win",
    "requested_idx": -1,
    "pibert_nmse": 0.0019437966402620077,
    "best_baseline_nmse": 0.0029816334135830402,
    "median_baseline_nmse": 0.010826985351741314,
    "margin_vs_median_baseline": 0.008883188478648663,
    "component": "All"
  },
  "component_sample_selection": {
    "u": {
      "sample_idx": 1106,
      "strategy": "pibert_best_quality_win",
      "requested_idx": -1,
      "pibert_nmse": 0.0003997049352619797,
      "best_baseline_nmse": 0.0006978127057664096,
      "median_baseline_nmse": 0.005191583186388016,
      "margin_vs_median_baseline": 0.004791878163814545,
      "component": "u"
    },
    "v": {
      "sample_idx": 1261,
      "strategy": "pibert_best_quality_win",
      "requested_idx": -1,
      "pibert_nmse": 0.03170795366168022,
      "best_baseline_nmse": 0.034159447997808456,
      "median_baseline_nmse": 0.11440762877464294,
      "margin_vs_median_baseline": 0.08269967138767242,
      "component": "v"
    },
    "uv": {
      "sample_idx": 1068,
      "strategy": "pibert_best_quality_win",
      "requested_idx": -1,
      "pibert_nmse": 0.0004527516139205545,
      "best_baseline_nmse": 0.0008046321454457939,
      "median_baseline_nmse": 0.005272121634334326,