{
  "status": "ok",
  "sample_count": 1990,
  "gt": {
    "mean_drag_proxy": 0.05772574768039728,
    "std_drag_proxy": 0.029056263425651284
  },
  "models": {
    "PIBERT": {
      "mean_drag_proxy": 0.06253216727248509,
      "std_drag_proxy": 0.027256840207492014,
      "mae_vs_gt": 0.00859801752335121,
      "rmse_vs_gt": 0.010694946431338523
    },
    "FourierFlow": {
      "mean_drag_proxy": 0.06235620098688211,
      "std_drag_proxy": 0.028227569144332134,
      "mae_vs_gt": 0.008082019098772198,
      "rmse_vs_gt": 0.010371278532439425
    },
    "FNO2d": {
      "mean_drag_proxy": 0.05999718491680272,
      "std_drag_proxy": 0.028256591547450163,
      "mae_vs_gt": 0.008087492826866577,
      "rmse_vs_gt": 0.010409892914774904
    },
    "PITT": {
      "mean_drag_proxy": 0.06377232381300879,
      "std_drag_proxy": 0.027826039658360724,
      "mae_vs_gt": 0.011891253275423643,
      "rmse_vs_gt": 0.015661284898495168
    },
    "DeepONet2d": {
      "mean_drag_proxy": 0.06811372403693342,
      "std_drag_proxy": 0.03480340278937222,
      "mae_vs_gt": 0.016742892411956645,
      "rmse_vs_gt": 0.021782527389697024
    },
    "PINN": {
      "mean_drag_proxy": 0.05880081461061955,
      "std_drag_proxy": 0.047879067814546365,
      "mae_vs_gt": 0.02413675983483548,
      "rmse_vs_gt": 0.029886887094627324
    }
  }
}