{
  "candidate": "pibert_refine_polish_b",
  "notes": "Low-LR continuation from refine_polish_a with lighter physics regularization to squeeze global NMSE/RelL2.",
  "init_ckpt": "D:\\PIBERT_JCP_final\\pibert-cfdb-re300-600\\runs_rpb_sweep_seed42\\pibert_refine_polish_a\\best.pt",
  "init_mode": "strict",
  "partial_init": null,
  "initial_val": {
    "MSE": 0.9067349433898926,
    "MAE": 0.293395072221756,
    "LMAE": 0.293395072221756,
    "NMSE": 0.04789116233587265,
    "RelL2": 0.21884049475193024,
    "LPCC": 0.9785082936286926,
    "R2": 0.9504101872444153,
    "num_channels": 2,
    "DIV_MSE": 0.08620493113994598,
    "VORT_MSE": 0.6004013419151306,
    "BND_MSE": 2306.6806640625,
    "SPECTRA_L2": 12549.0966796875,
    "SLOPE_ERR": 0.061481717973947525,
    "u_LH1_NMSE": 0.7001964449882507,
    "u_HL1_NMSE": 0.3082312345504761,
    "u_HH1_NMSE": 1.2599029541015625,
    "u_LH2_NMSE": 0.3822222650051117,
    "u_HL2_NMSE": 0.1891285479068756,
    "u_HH2_NMSE": 0.7426115274429321,
    "u_LH3_NMSE": 0.165506511926651,
    "u_HL3_NMSE": 0.06013253703713417,
    "u_HH3_NMSE": 0.34583744406700134,
    "u_LL3_NMSE": 0.01066859345883131,
    "v_LH1_NMSE": 0.5773360729217529,
    "v_HL1_NMSE": 0.6539931297302246,
    "v_HH1_NMSE": 1.2299895286560059,
    "v_LH2_NMSE": 0.3572423756122589,
    "v_HL2_NMSE": 0.39174482226371765,
    "v_HH2_NMSE": 0.8670377731323242,
    "v_LH3_NMSE": 0.1392730176448822,
    "v_HL3_NMSE": 0.19626657664775848,
    "v_HH3_NMSE": 0.3359508514404297,
    "v_LL3_NMSE": 0.07057996094226837,
    "NMSE_s1": 0.04789116233587265,
    "NMSE_s2": 0.04077755659818649,
    "NMSE_s4": 0.0296131893992424,
    "NMSE_s8": 0.019505919888615608
  },
  "initial_test": {
    "MSE": 0.06346805393695831,
    "MAE": 0.11570210754871368,
    "LMAE": 0.11570210754871368,
    "NMSE": 0.05937130004167557,
    "RelL2": 0.2436622679233551,
    "LPCC": 0.9698735475540161,
    "R2": 0.9406050443649292,
    "num_channels": 2,
    "DIV_MSE": 0.027777252718806267,
    "VORT_MSE": 0.03974064067006111,
    "BND_MSE": 246.90769958496094,
    "SPECTRA_L2": 0.0025992600712925196,
    "SLOPE_ERR": 0.005034975241869688,
    "u_LH1_NMSE": 0.4509941041469574,
    "u_HL1_NMSE": 0.26334771513938904,
    "u_HH1_NMSE": 1.1251331567764282,
    "u_LH2_NMSE": 0.3016347587108612,
    "u_HL2_NMSE": 0.22129613161087036,
    "u_HH2_NMSE": 0.7383496165275574,
    "u_LH3_NMSE": 0.1356050968170166,
    "u_HL3_NMSE": 0.05776960030198097,
    "u_HH3_NMSE": 0.31574660539627075,
    "u_LL3_NMSE": 0.011355094611644745,
    "v_LH1_NMSE": 0.33537229895591736,
    "v_HL1_NMSE": 0.5522122979164124,
    "v_HH1_NMSE": 1.032610297203064,
    "v_LH2_NMSE": 0.18370302021503448,
    "v_HL2_NMSE": 0.3568693697452545,
    "v_HH2_NMSE": 0.6567915081977844,
    "v_LH3_NMSE": 0.06870798766613007,
    "v_HL3_NMSE": 0.1839272528886795,
    "v_HH3_NMSE": 0.26003751158714294,
    "v_LL3_NMSE": 0.03921478986740112,
    "NMSE_s1": 0.05937130004167557,
    "NMSE_s2": 0.05046869069337845,
    "NMSE_s4": 0.03614991530776024,
    "NMSE_s8": 0.021911807358264923
  },
  "final_test": {
    "MSE": 0.06280319392681122,
    "MAE": 0.11447513103485107,
    "LMAE": 0.11447513103485107,
    "NMSE": 0.05874935910105705,
    "RelL2": 0.24238267540931702,
    "LPCC": 0.9701912999153137,
    "R2": 0.9412272572517395,
    "num_channels": 2,
    "DIV_MSE": 0.02784913033246994,
    "VORT_MSE": 0.039089228957891464,
    "BND_MSE": 252.19528198242188,
    "SPECTRA_L2": 0.0005632177926599979,
    "SLOPE_ERR": 0.005110300611704588,
    "u_LH1_NMSE": 0.4444969892501831,
    "u_HL1_NMSE": 0.25706371665000916,
    "u_HH1_NMSE": 1.083328127861023,
    "u_LH2_NMSE": 0.298701673746109,
    "u_HL2_NMSE": 0.21708618104457855,
    "u_HH2_NMSE": 0.7292076349258423,
    "u_LH3_NMSE": 0.135829359292984,
    "u_HL3_NMSE": 0.05722939223051071,
    "u_HH3_NMSE": 0.31172940135002136,
    "u_LL3_NMSE": 0.011370627209544182,
    "v_LH1_NMSE": 0.3314029276371002,
    "v_HL1_NMSE": 0.5431488156318665,
    "v_HH1_NMSE": 1.010161280632019,
    "v_LH2_NMSE": 0.17975947260856628,
    "v_HL2_NMSE": 0.3558366894721985,
    "v_HH2_NMSE": 0.648042619228363,
    "v_LH3_NMSE": 0.06795898824930191,
    "v_HL3_NMSE": 0.18304327130317688,
    "v_HH3_NMSE": 0.2569713890552521,
    "v_LL3_NMSE": 0.03890219330787659,
    "NMSE_s1": 0.05874935910105705,
    "NMSE_s2": 0.04998882859945297,
    "NMSE_s4": 0.03591330721974373,
    "NMSE_s8": 0.021803000941872597
  },
  "baseline_targets": {
    "FourierFlow": {
      "MSE": 0.06340708583593369,
      "MAE": 0.11796753853559494,
      "NMSE": 0.059314269572496414,
      "RelL2": 0.24354520440101624,
      "DIV_MSE": 0.031163809821009636,
      "VORT_MSE": 0.040925998240709305,
      "BND_MSE": 224.69386291503906,
      "SPECTRA_L2": 0.005740894004702568,
      "SLOPE_ERR": 0.013433056883513927,
      "u_LH1_NMSE": 0.43496179580688477,
      "u_HL1_NMSE": 0.2599530816078186,
      "u_HH1_NMSE": 0.8933117985725403,
      "u_LH2_NMSE": 0.2959076762199402,
      "u_HL2_NMSE": 0.223502516746521,
      "u_HH2_NMSE": 0.7509222626686096,
      "u_LH3_NMSE": 0.11895330995321274,
      "u_HL3_NMSE": 0.05572348088026047,
      "u_HH3_NMSE": 0.2973670959472656,
      "u_LL3_NMSE": 0.009183439426124096,
      "v_LH1_NMSE": 0.35489940643310547,
      "v_HL1_NMSE": 0.6347392201423645,
      "v_HH1_NMSE": 1.034356713294983,
      "v_LH2_NMSE": 0.19214782118797302,
      "v_HL2_NMSE": 0.4177597165107727,
      "v_HH2_NMSE": 0.7301231622695923,
      "v_LH3_NMSE": 0.06751430034637451,
      "v_HL3_NMSE": 0.20229025185108185,
      "v_HH3_NMSE": 0.2764815390110016,
      "v_LL3_NMSE": 0.03728716820478439,
      "NMSE_s1": 0.059314269572496414,
      "NMSE_s2": 0.049885500222444534,
      "NMSE_s4": 0.03437809273600578,
      "NMSE_s8": 0.01983262412250042
    },
    "FNO2d": {
      "MSE": 0.06416790187358856,
      "MAE": 0.1321588158607483,
      "NMSE": 0.060025978833436966,
      "RelL2": 0.24500200152397156,
      "DIV_MSE": 0.02802191860973835,
      "VORT_MSE": 0.040293071419000626,
      "BND_MSE": 226.98841857910156,
      "SPECTRA_L2": 0.25542059540748596,
      "SLOPE_ERR": 0.008315399289131165,
      "u_LH1_NMSE": 0.44772034883499146,
      "u_HL1_NMSE": 0.2506120800971985,
      "u_HH1_NMSE": 0.8902693390846252,
      "u_LH2_NMSE": 0.30659419298171997,
      "u_HL2_NMSE": 0.21845115721225739,
      "u_HH2_NMSE": 0.7442247867584229,
      "u_LH3_NMSE": 0.12508197128772736,
      "u_HL3_NMSE": 0.05613270029425621,
      "u_HH3_NMSE": 0.2971329391002655,
      "u_LL3_NMSE": 0.013074234127998352,
      "v_LH1_NMSE": 0.34822210669517517,
      "v_HL1_NMSE": 0.5402387380599976,
      "v_HH1_NMSE": 0.931962788105011,
      "v_LH2_NMSE": 0.1935405433177948,
      "v_HL2_NMSE": 0.3565848469734192,
      "v_HH2_NMSE": 0.6678110957145691,
      "v_LH3_NMSE": 0.06825706362724304,
      "v_HL3_NMSE": 0.17913934588432312,
      "v_HH3_NMSE": 0.255534827709198,
      "v_LL3_NMSE": 0.0385325662791729,
      "NMSE_s1": 0.060025978833436966,
      "NMSE_s2": 0.051135409623384476,
      "NMSE_s4": 0.0363362655043602,
      "NMSE_s8": 0.02272101305425167
    }
  },
  "headline_status": {
    "beats_fourierflow_nmse_rell2": true,
    "beats_fno_nmse_rell2": true,
    "keeps_physics_edge_vs_fourierflow": true,
    "stop_criteria_met": true
  },
  "delta_vs_initial": {
    "NMSE": -0.000621940940618515,
    "RelL2": -0.001279592514038086,
    "MAE": -0.0012269765138626099,
    "DIV_MSE": 7.18776136636734e-05,
    "VORT_MSE": -0.0006514117121696472,
    "SPECTRA_L2": -0.0020360422786325216,
    "SLOPE_ERR": 7.53253698348999e-05
  },
  "beats": {
    "FourierFlow": {
      "NMSE": true,
      "RelL2": true,
      "MAE": true,
      "DIV_MSE": true,
      "VORT_MSE": true,
      "SPECTRA_L2": true,
      "SLOPE_ERR": true
    },