{
  "FNO2d": {
    "MSE": 0.0017162652220577002,
    "MAE": 0.02740868553519249,
    "LMAE": 0.02740868553519249,
    "NMSE": 0.0022482802160084248,
    "RelL2": 0.04741603508591652,
    "LPCC": 0.9988724589347839,
    "R2": 0.9977360367774963,
    "num_channels": 2,
    "DIV_MSE": 0.04033203050494194,
    "VORT_MSE": 0.0004259793204255402,
    "BND_MSE": 8.821612358093262,
    "SPECTRA_L2": 0.08312303572893143,
    "SLOPE_ERR": 0.0004678732075262815,
    "u_LH1_NMSE": 0.017458606511354446,
    "u_HL1_NMSE": 0.0060890065506100655,
    "u_HH1_NMSE": 0.03653628006577492,
    "u_LH2_NMSE": 0.008112224750220776,
    "u_HL2_NMSE": 0.0021233304869383574,
    "u_HH2_NMSE": 0.013079875148832798,
    "u_LH3_NMSE": 0.004380000755190849,
    "u_HL3_NMSE": 0.0010438376339152455,
    "u_HH3_NMSE": 0.006327620707452297,
    "u_LL3_NMSE": 0.0019154972396790981,
    "v_LH1_NMSE": 0.005335704423487186,
    "v_HL1_NMSE": 0.007499557454138994,
    "v_HH1_NMSE": 0.01935781165957451,
    "v_LH2_NMSE": 0.0020382206421345472,
    "v_HL2_NMSE": 0.0036153781693428755,
    "v_HH2_NMSE": 0.006829964928328991,
    "v_LH3_NMSE": 0.0006583597860299051,
    "v_HL3_NMSE": 0.0018054877873510122,
    "v_HH3_NMSE": 0.002365252235904336,
    "v_LL3_NMSE": 0.0024023130536079407,
    "NMSE_s1": 0.0022482802160084248,
    "NMSE_s2": 0.0020876929629594088,
    "NMSE_s4": 0.002007274189963937,
    "NMSE_s8": 0.0021445434540510178
  },
  "PINN": {
    "MSE": 0.00044248453923501074,
    "MAE": 0.011628600768744946,
    "LMAE": 0.011628600768744946,
    "NMSE": 0.0005796477198600769,
    "RelL2": 0.02407587505877018,
    "LPCC": 0.9997082948684692,
    "R2": 0.9994162917137146,
    "num_channels": 2,
    "DIV_MSE": 0.040396206080913544,
    "VORT_MSE": 0.0003690365410875529,
    "BND_MSE": 1.4579753875732422,
    "SPECTRA_L2": 0.0007561459788121283,
    "SLOPE_ERR": 0.00014110651682130992,
    "u_LH1_NMSE": 0.012303502298891544,
    "u_HL1_NMSE": 0.0034091181587427855,
    "u_HH1_NMSE": 0.03104224242269993,
    "u_LH2_NMSE": 0.0038186118472367525,
    "u_HL2_NMSE": 0.0006467395578511059,
    "u_HH2_NMSE": 0.008311402052640915,
    "u_LH3_NMSE": 0.001266505103558302,
    "u_HL3_NMSE": 0.00016183314437512308,
    "u_HH3_NMSE": 0.002288269344717264,
    "u_LL3_NMSE": 2.8087129976483993e-05,
    "v_LH1_NMSE": 0.005388574209064245,
    "v_HL1_NMSE": 0.005914983339607716,
    "v_HH1_NMSE": 0.018248986452817917,
    "v_LH2_NMSE": 0.0022643490228801966,
    "v_HL2_NMSE": 0.0022191456519067287,
    "v_HH2_NMSE": 0.006418013479560614,
    "v_LH3_NMSE": 0.0008785398676991463,
    "v_HL3_NMSE": 0.0007760438602417707,
    "v_HH3_NMSE": 0.0022814818657934666,
    "v_LL3_NMSE": 0.00027676616446115077,
    "NMSE_s1": 0.0005796477198600769,
    "NMSE_s2": 0.000406309642130509,
    "NMSE_s4": 0.0002517535467632115,
    "NMSE_s8": 0.00014509019092656672
  },
  "DeepONet2d": {
    "MSE": 0.08028815686702728,
    "MAE": 0.1721494197845459,
    "LMAE": 0.1721494197845459,
    "NMSE": 0.10517621040344238,
    "RelL2": 0.3243088126182556,
    "LPCC": 0.9455664753913879,
    "R2": 0.8940906524658203,
    "num_channels": 2,
    "DIV_MSE": 0.012610377743840218,
    "VORT_MSE": 0.05720100179314613,
    "BND_MSE": 269.9118347167969,
    "SPECTRA_L2": 0.004041615407913923,
    "SLOPE_ERR": 0.003218561876565218,
    "u_LH1_NMSE": 0.8302956819534302,
    "u_HL1_NMSE": 0.4883597195148468,
    "u_HH1_NMSE": 1.004665732383728,
    "u_LH2_NMSE": 0.6792583465576172,
    "u_HL2_NMSE": 0.23286676406860352,
    "u_HH2_NMSE": 0.9308438897132874,
    "u_LH3_NMSE": 0.4255407750606537,
    "u_HL3_NMSE": 0.1073075532913208,
    "u_HH3_NMSE": 0.7053680419921875,
    "u_LL3_NMSE": 0.013230659998953342,
    "v_LH1_NMSE": 0.6296291947364807,
    "v_HL1_NMSE": 0.7653146982192993,
    "v_HH1_NMSE": 1.0051089525222778,
    "v_LH2_NMSE": 0.4382772147655487,
    "v_HL2_NMSE": 0.5758013725280762,
    "v_HH2_NMSE": 0.9093090295791626,
    "v_LH3_NMSE": 0.18937824666500092,
    "v_HL3_NMSE": 0.28953981399536133,
    "v_HH3_NMSE": 0.6330655813217163,
    "v_LL3_NMSE": 0.03271025791764259,
    "NMSE_s1": 0.10517621040344238,
    "NMSE_s2": 0.08810918033123016,
    "NMSE_s4": 0.05648309364914894,
    "NMSE_s8": 0.022395776584744453
  },
  "PITT": {
    "MSE": 0.03580251708626747,
    "MAE": 0.1013365164399147,
    "LMAE": 0.1013365164399147,
    "NMSE": 0.046900734305381775,
    "RelL2": 0.21656577289104462,
    "LPCC": 0.9761006832122803,
    "R2": 0.9527723789215088,
    "num_channels": 2,
    "DIV_MSE": 0.023600652813911438,
    "VORT_MSE": 0.04227672889828682,
    "BND_MSE": 126.06123352050781,
    "SPECTRA_L2": 0.0012044589966535568,
    "SLOPE_ERR": 0.004740115255117416,
    "u_LH1_NMSE": 0.6290315985679626,
    "u_HL1_NMSE": 0.4850127398967743,
    "u_HH1_NMSE": 0.9526641964912415,
    "u_LH2_NMSE": 0.3945640027523041,
    "u_HL2_NMSE": 0.3232503831386566,
    "u_HH2_NMSE": 0.8739193677902222,
    "u_LH3_NMSE": 0.0035146011505275965,
    "u_HL3_NMSE": 0.0015542774926871061,
    "u_HH3_NMSE": 0.007462987210601568,
    "u_LL3_NMSE": 7.502794323954731e-05,
    "v_LH1_NMSE": 0.54435795545578,
    "v_HL1_NMSE": 0.5806699395179749,
    "v_HH1_NMSE": 0.9383190274238586,
    "v_LH2_NMSE": 0.3653281033039093,
    "v_HL2_NMSE": 0.3896751403808594,
    "v_HH2_NMSE": 0.8420219421386719,
    "v_LH3_NMSE": 0.0013378711882978678,
    "v_HL3_NMSE": 0.0016659004613757133,
    "v_HH3_NMSE": 0.006053588818758726,
    "v_LL3_NMSE": 0.00018616051238495857,
    "NMSE_s1": 0.046900734305381775,
    "NMSE_s2": 0.03115871548652649,
    "NMSE_s4": 0.0004191700427327305,
    "NMSE_s8": 0.00012731560855172575
  },
  "FourierFlow": {
    "MSE": 0.00030711037106812,
    "MAE": 0.010626108385622501,
    "LMAE": 0.010626108385622501,
    "NMSE": 0.0004023096989840269,
    "RelL2": 0.020057659596204758,
    "LPCC": 0.9997973442077637,
    "R2": 0.9995948672294617,
    "num_channels": 2,
    "DIV_MSE": 0.04031042382121086,
    "VORT_MSE": 0.00030315411277115345,
    "BND_MSE": 1.5159660577774048,
    "SPECTRA_L2": 1.975132136067259e-06,
    "SLOPE_ERR": 0.001775067881681025,
    "u_LH1_NMSE": 0.012263732962310314,
    "u_HL1_NMSE": 0.0033840781543403864,
    "u_HH1_NMSE": 0.03126861900091171,
    "u_LH2_NMSE": 0.0035460470244288445,
    "u_HL2_NMSE": 0.0005807031411677599,
    "u_HH2_NMSE": 0.008038248866796494,
    "u_LH3_NMSE": 0.0009865572210401297,
    "u_HL3_NMSE": 0.00012394809164106846,
    "u_HH3_NMSE": 0.0018746526911854744,
    "u_LL3_NMSE": 1.7828437194111757e-05,
    "v_LH1_NMSE": 0.0046098302118480206,
    "v_HL1_NMSE": 0.005736656952649355,
    "v_HH1_NMSE": 0.01810337044298649,
    "v_LH2_NMSE": 0.0014876252971589565,
    "v_HL2_NMSE": 0.0019281189888715744,
    "v_HH2_NMSE": 0.005626329220831394,
    "v_LH3_NMSE": 0.00032197069958783686,
    "v_HL3_NMSE": 0.0005616838461719453,
    "v_HH3_NMSE": 0.0013749196659773588,
    "v_LL3_NMSE": 7.390620157821104e-05,
    "NMSE_s1": 0.0004023096989840269,
    "NMSE_s2": 0.00023583610891364515,
    "NMSE_s4": 0.00010714009840739891,
    "NMSE_s8": 4.4212923967279494e-05
  }
}