{"current_model": "FourierFlow", "stage": "finetune", "epoch": 180, "total_epochs": 180, "loss": 0.00028373662289060816, "best_val_nmse": 0.00040434941183775663, "epoch_time": 9.631612700000005, "lr": 1e-05, "params": 2777282, "no_improve": 9, "dataset": "RealPDEBench/fsi/real", "cpu_percent": 18.4, "ram_percent": 90.1, "gpu_util": 77, "gpu_mem_used": 1868, "gpu_mem_total": 12288, "gpu_temp": 62, "train_loss": 0.00028373662289060816, "train_recon": 0.00028373662289060816, "train_div": 0.0, "train_lap": 0.0, "train_bnd": 0.0, "val_nmse": 0.00040457851719111204}